{"phi3": 0.0, "xsnn.xneuron3.x1.xop_amp2.n004": 99999999.45421045, "xsnn.xneuron3.x1.xop_amp2.n007": -99999999.45578955, "xsnn.xneuron3.x1.xop_amp2.n008": 0.47500000000000003, "xsnn.xneuron3.x1.xop_amp2.n003": 0.525, "xsnn.xneuron3.x1.xop_amp2.n006": 0.6206050353921775, "xsnn.xneuron3.x1.xop_amp2.n005": 197387.95413690805, "out3": -0.0007895498565493391, "xsnn.xneuron3.x1.xop_amp2.n002": -0.5514434898756941, "xsnn.xneuron3.x1.xop_amp2.n001": -0.0007903394064058867, "xsnn.xneuron3.x1.-vcc2": -0.07, "xsnn.xneuron3.x1.+vcc2": 1.07, "xsnn.xneuron3.x1.xop_amp.n004": 99999999.40355651, "xsnn.xneuron3.x1.xop_amp.n007": -99999999.50644349, "xsnn.xneuron3.x1.xop_amp.n008": 0.47500000000000003, "xsnn.xneuron3.x1.xop_amp.n003": 0.525, "xsnn.xneuron3.x1.xop_amp.n006": 0.4719423384241237, "xsnn.xneuron3.x1.xop_amp.n005": 999999.8769123529, "xsnn.xneuron3.x1.xop_amp.n002": -3.99998900069189, "xsnn.xneuron3.x1.xop_amp.n001": -0.051700707325586556, "xsnn.xneuron3.x1.-vcc": -0.07, "xsnn.xneuron3.x1.+vcc": 1.07, "xsnn.xneuron3.x1.vout": -0.05144348987569416, "xsnn.xneuron3.x1.1": -0.02572174493784708, "xsnn.xneuron3.2": 1.0999308110188478e-05, "xsnn.xneuron3.xsigmoid.xop_amp_n.n004": 99999.45501148215, "xsnn.xneuron3.xsigmoid.xop_amp_n.n007": -99999.45498851783, "xsnn.xneuron3.xsigmoid.xop_amp_n.n008": -18.955, "xsnn.xneuron3.xsigmoid.xop_amp_n.n003": 19.955, "xsnn.xneuron3.xsigmoid.xop_amp_n.n006": 30.18394897244026, "xsnn.xneuron3.xsigmoid.xop_amp_n.n005": 20.16474639935504, "xsnn.xneuron3.1": 1.1482160695789911e-05, "xsnn.xneuron3.xsigmoid.xop_amp_n.n002": 0.0, "xsnn.xneuron3.xsigmoid.xop_amp_n.n001": 1.1491371463364909e-05, "xsnn.xneuron3.xsigmoid.-vcc2": -19.5, "xsnn.xneuron3.xsigmoid.+vcc2": 20.5, "xsnn.on3": 2.271393120772574e-06, "xsnn.xneuron3.xsigmoid.xop_amp_p.n004": 99999.45499306062, "xsnn.xneuron3.xsigmoid.xop_amp_p.n007": -99999.45500693936, "xsnn.xneuron3.xsigmoid.xop_amp_p.n008": -19.455, "xsnn.xneuron3.xsigmoid.xop_amp_p.n003": 19.455, "xsnn.xneuron3.xsigmoid.xop_amp_p.n006": 19.620445724202515, "xsnn.xneuron3.xsigmoid.xop_amp_p.n005": 29.697280734334772, "xsnn.xneuron3.xsigmoid.n_j": -6.939374431530832e-06, "xsnn.xneuron3.xsigmoid.xop_amp_p.n002": 0.0, "xsnn.xneuron3.xsigmoid.xop_amp_p.n001": -6.954769354593316e-06, "xsnn.xneuron3.xsigmoid.-vcc": -20.0, "xsnn.xneuron3.xsigmoid.+vcc": 20.0, "xsnn.phi3_8": 0.0, "xsnn.xmemristor_p3_8.cmem": 7.039625602874512, "xsnn.xmemristor_p3_8.o": 0.003776164965083406, "xsnn.phi3_7": 0.0, "xsnn.xmemristor_p3_7.cmem": 7.039813638837513, "xsnn.xmemristor_p3_7.o": 0.003776164966963766, "xsnn.phi3_6": 0.0, "xsnn.xmemristor_p3_6.cmem": 7.039625602874512, "xsnn.xmemristor_p3_6.o": 0.003776164965083406, "xsnn.phi3_5": 0.0, "xsnn.xmemristor_p3_5.cmem": -0.029661464425295186, "xsnn.xmemristor_p3_5.o": 0.00377609427221344, "xsnn.phi3_4": 0.0, "xsnn.xmemristor_p3_4.cmem": 0.0022643523827510807, "xsnn.xmemristor_p3_4.o": 0.003776094591471605, "xsnn.phi3_3": 0.0, "xsnn.xmemristor_p3_3.cmem": -0.029661464425295186, "xsnn.xmemristor_p3_3.o": 0.00377609427221344, "xsnn.phi3_2": 0.0, "xsnn.xmemristor_p3_2.cmem": 7.039625602874512, "xsnn.xmemristor_p3_2.o": 0.003776164965083406, "xsnn.phi3_1": 0.0, "xsnn.xmemristor_p3_1.cmem": 7.061053130626999, "xsnn.xmemristor_p3_1.o": 0.0037761651793586813, "xsnn.phi3_0": 0.0, "xsnn.xmemristor_p3_0.cmem": 7.039625602874512, "xsnn.op_3": -7.552189213178054e-07, "xsnn.xmemristor_p3_0.o": 0.003776164965083406, "phi2": 0.0, "xsnn.xneuron2.x1.xop_amp2.n004": 99999999.45421045, "xsnn.xneuron2.x1.xop_amp2.n007": -99999999.45578955, "xsnn.xneuron2.x1.xop_amp2.n008": 0.47500000000000003, "xsnn.xneuron2.x1.xop_amp2.n003": 0.525, "xsnn.xneuron2.x1.xop_amp2.n006": 0.6206050205760221, "xsnn.xneuron2.x1.xop_amp2.n005": 197388.06796464324, "out2": -0.0007895503118601506, "xsnn.xneuron2.x1.xop_amp2.n002": -0.5514434908084481, "xsnn.xneuron2.x1.xop_amp2.n001": -0.0007903398621720091, "xsnn.xneuron2.x1.-vcc2": -0.07, "xsnn.xneuron2.x1.+vcc2": 1.07, "xsnn.xneuron2.x1.xop_amp.n004": 99999999.40355651, "xsnn.xneuron2.x1.xop_amp.n007": -99999999.50644349, "xsnn.xneuron2.x1.xop_amp.n008": 0.47500000000000003, "xsnn.xneuron2.x1.xop_amp.n003": 0.525, "xsnn.xneuron2.x1.xop_amp.n006": 0.4719423379582759, "xsnn.xneuron2.x1.xop_amp.n005": 999999.876912353, "xsnn.xneuron2.x1.xop_amp.n002": -3.9999890004725294, "xsnn.xneuron2.x1.xop_amp.n001": -0.05170070826300433, "xsnn.xneuron2.x1.-vcc": -0.07, "xsnn.xneuron2.x1.+vcc": 1.07, "xsnn.xneuron2.x1.vout": -0.051443490808448164, "xsnn.xneuron2.x1.1": -0.025721745404224082, "xsnn.xneuron2.2": 1.0999527470647803e-05, "xsnn.xneuron2.xsigmoid.xop_amp_n.n004": 99999.45501008422, "xsnn.xneuron2.xsigmoid.xop_amp_n.n007": -99999.45498991576, "xsnn.xneuron2.xsigmoid.xop_amp_n.n008": -18.955, "xsnn.xneuron2.xsigmoid.xop_amp_n.n003": 19.955, "xsnn.xneuron2.xsigmoid.xop_amp_n.n006": 30.17598292269863, "xsnn.xneuron2.xsigmoid.xop_amp_n.n005": 20.172514703752668, "xsnn.xneuron2.1": 1.0084231307555683e-05, "xsnn.xneuron2.xsigmoid.xop_amp_n.n002": 0.0, "xsnn.xneuron2.xsigmoid.xop_amp_n.n001": 1.009101818871213e-05, "xsnn.xneuron2.xsigmoid.-vcc2": -19.5, "xsnn.xneuron2.xsigmoid.+vcc2": 20.5, "xsnn.on2": 3.2973501510929382e-06, "xsnn.xneuron2.xsigmoid.xop_amp_p.n004": 99999.45499651045, "xsnn.xneuron2.xsigmoid.xop_amp_p.n007": -99999.45500348952, "xsnn.xneuron2.xsigmoid.xop_amp_p.n008": -19.455, "xsnn.xneuron2.xsigmoid.xop_amp_p.n003": 19.455, "xsnn.xneuron2.xsigmoid.xop_amp_p.n006": 19.663205183795096, "xsnn.xneuron2.xsigmoid.xop_amp_p.n005": 29.685522654176786, "xsnn.xneuron2.xsigmoid.n_j": -3.4895309723963046e-06, "xsnn.xneuron2.xsigmoid.xop_amp_p.n002": 0.0, "xsnn.xneuron2.xsigmoid.xop_amp_p.n001": -3.499316044648417e-06, "xsnn.xneuron2.xsigmoid.-vcc": -20.0, "xsnn.xneuron2.xsigmoid.+vcc": 20.0, "xsnn.phi2_8": 0.0, "xsnn.xmemristor_p2_8.cmem": 7.064704359154028, "xsnn.xmemristor_p2_8.o": 0.002456769841241795, "xsnn.phi2_7": 0.0, "xsnn.xmemristor_p2_7.cmem": 7.064914286612834, "xsnn.xmemristor_p2_7.o": 0.00245676984334107, "xsnn.phi2_6": 0.0, "xsnn.xmemristor_p2_6.cmem": 7.064704359154028, "xsnn.xmemristor_p2_6.o": 0.002456769841241795, "xsnn.phi2_5": 0.0, "xsnn.xmemristor_p2_5.cmem": 7.061970918285633, "xsnn.xmemristor_p2_5.o": 0.002456769813907387, "xsnn.phi2_4": 0.0, "xsnn.xmemristor_p2_4.cmem": 0.0022277976035806964, "xsnn.xmemristor_p2_4.o": 0.002456699216476886, "xsnn.phi2_3": 0.0, "xsnn.xmemristor_p2_3.cmem": 7.061970918285633, "xsnn.xmemristor_p2_3.o": 0.002456769813907387, "xsnn.phi2_2": 0.0, "xsnn.xmemristor_p2_2.cmem": 7.064704359154028, "xsnn.xmemristor_p2_2.o": 0.002456769841241795, "xsnn.phi2_1": 0.0, "xsnn.xmemristor_p2_1.cmem": -0.031081646961248047, "xsnn.xmemristor_p2_1.o": 0.002456698883382444, "xsnn.phi2_0": 0.0, "xsnn.xmemristor_p2_0.cmem": 7.064704359154028, "xsnn.op_2": -4.913398437531804e-07, "xsnn.xmemristor_p2_0.o": 0.002456769841241795, "phi1": 0.0, "xsnn.xneuron1.x1.xop_amp2.n004": 99999999.4542103, "xsnn.xneuron1.x1.xop_amp2.n007": -99999999.4557897, "xsnn.xneuron1.x1.xop_amp2.n008": 0.47500000000000003, "xsnn.xneuron1.x1.xop_amp2.n003": 0.525, "xsnn.xneuron1.x1.xop_amp2.n006": 0.6206002367221508, "xsnn.xneuron1.x1.xop_amp2.n005": 197424.824193269, "out1": -0.0007896973367747729, "xsnn.xneuron1.x1.xop_amp2.n002": -0.551443507867165, "xsnn.xneuron1.x1.xop_amp2.n001": -0.0007904870341115459, "xsnn.xneuron1.x1.-vcc2": -0.07, "xsnn.xneuron1.x1.+vcc2": 1.07, "xsnn.xneuron1.x1.xop_amp.n004": 99999999.4035565, "xsnn.xneuron1.x1.xop_amp.n007": -99999999.5064435, "xsnn.xneuron1.x1.xop_amp.n008": 0.47500000000000003, "xsnn.xneuron1.x1.xop_amp.n003": 0.525, "xsnn.xneuron1.x1.xop_amp.n006": 0.47194232943859316, "xsnn.xneuron1.x1.xop_amp.n005": 999999.8769123618, "xsnn.xneuron1.x1.xop_amp.n002": -3.9999890004603462, "xsnn.xneuron1.x1.xop_amp.n001": -0.0517007254070148, "xsnn.xneuron1.x1.-vcc": -0.07, "xsnn.xneuron1.x1.+vcc": 1.07, "xsnn.xneuron1.x1.vout": -0.05144350786716505, "xsnn.xneuron1.x1.1": -0.025721753933582524, "xsnn.xneuron1.2": 1.0999539653812682e-05,